{"cameraMode":{"drawMode":0,"name":"Shaded","section":"Shading Mode"},"sceneLighting":true,"audioPlay":false,"sceneViewState":{"m_AlwaysRefresh":false,"showFog":true,"showSkybox":true,"showFlares":true,"showImageEffects":true,"showParticleSystems":true,"showVisualEffectGraphs":true,"m_FxEnabled":true},"in2DMode":false,"pivot":{"x":0.6273131370544434,"y":8.039994239807129,"z":-19.91947364807129},"rotation":{"x":0.22774538397789002,"y":0.029640406370162965,"z":-0.006449167616665363,"w":0.9734307527542114},"size":11.39628791809082,"orthographic":false}